label	regularity	metronome
Venetian_AndreaCalmo	-0.16251041010490752	w.S.wSwS.Sw.wS|w.S.wS.w.S.w.wwS|w.w.w.Sw.Sw.w.wS|Sw.w.Sw.S.w.S.wS|S.w.wS.Sw.SwwS|w.S.wS.Sw.SwS|w.SwSw.w.S.SwS|S.wSw.S.Sw.SwS|w.S.wS.w.S.w.S.wS|S.w.w.Sw.wwSw.S|w.S.w.Sw.w.Sw.wS|w.Sw.wS.w.wSw.S|w.w.Sw.wSw.w.wS|w.S.w.Sw.SwSw.S|S.wSw.wSw.SwS|S.wSw.w.Sw.w.wS|w.Sw.SwSw.S.w.S|S.wSw.wS.S.wS|w.S.wSw.Sw.w.wS|S.wwSw.Sw.w.wS|w.S.w.S.w.S.Sw.w.S|wSw.S.wSw.S.wS|wS.w.S.w.S.Sw.wS|Sw.Sw.wSw.SwS|w.S.w.S.w.Sw.S.wS|Sw.w.S.S.wSw.wS|w.Sw.wS.Sw.SwS|w.S.w.S.w.Sww.wS|w.Sw.S.w.SS.SwS|w.S.w.S.wSw.S.wS|wSwS.Sw.SwS|S.wwS.Sw.Sw.wS|wSw.S.w.S.w.S.wS|w.w.w.Sw.Sw.SwS|wwSw.w.SSw.wS|w.Sw.wSw.SwS|wSw.S.w.Sw.SwS|w.SwS.S.w.Sw.wS|w.wSw.S.wSS.wS|wS.w.S.w.S.wSw.S|w.wSw.wS.w.SwS|Sw.w.Sw.S.w.SwS|SwSw.w.SwSS|w.w.wS.w.Sw.Sw.S|w.w.wS.w.Sw.w.S|w.S.w.Sw.S.w.S.w.S|S.SwSw.Sw.SwS|wS.w.S.Sw.w.S.wS|w.Sw.w.w.Sw.S.w.S|Sw.Sw.wS.Sw.wS|SwSw.w.Sw.S.wS|w.Sw.SwSw.w.wS|w.SwSw.S.w.SwS|S.SwSw.Sw.S.wS|w.S.wS.w.S.wS.wS|w.S.w.Sw.S.w.SwS|w.Sw.S.S.wwS.w.S|w.Sw.SwSw.Sw.S|w.Sw.Sw.S.wSw.S|wSw.S.w.S.w.SwS|Sw.wSw.Sw.Sw.S|S.wSw.S.w.wS.S|Sw.wSw.Sw.w.w.S|w.Sw.Sw.Sw.S.wS|w.Sw.wSw.Sw.S|S.Sw.SwSwSwS|w.SwSwSw.S.w.S|w.w.Sw.wSw.SwS|Sww.S.Sw.wS.wS|w.Sw.S.w.S.wSw.S|Sw.Sw.Sw.Sw.S|Sw.S.Sw.S.w.Sw.S|Sw.wS.Sw.wS.wS|Sw.wS.w.Sw.S.wS|Sw.SwS.S.w.Sw.S|Sw.w.Sw.w.S.Sw.S|Sw.w.Sw.w.S.S.wS|w.Sw.S.wSw.Sw.S|Sw.w.SwS.w.SwS|Sw.w.S.wSw.SwS|w.Sw.S.wSw.Sw.S|Sw.S.w.Sw.S.w.S|w.Sw.Sw.w.wSwS|w.Sw.Sw.Sw.Sw.S|SwS.Sw.Sw.w.wS|w.SwS.wS.S.w.wS|w.Sw.Sw.Sw.S.wS|wSw.w.w.S.Sw.wS|wS.w.S.wS.w.S.wS|w.S.w.S.wSw.w.wS|w.Sw.S.wS.S.S.w.S|w.Sw.Sw.S.w.S.wS|w.Sw.w.wSw.SwS|Sw.Sw.wSw.SwS|w.Sww.wSw.S.wS|w.Sww.w.w.Sw.wS|w.wwSw.w.S.S.w.S|w.Sw.Sw.w.S.wwS|w.wSw.w.SwS.w.S|w.S.wSw.SwS.wS|wwSw.w.Sw.SwS|w.Swww.w.w.S|wSwSw.wS.w.wS|Sw.S.wwS.wSwS|w.w.wS.w.wSw.wS|Sw.w.Sw.w.Sw.w.S|w.w.wS.w.S.w.SwS|wSw.wS.S.w.Sw.S|w.SwS.Sw.w.Sw.S|w.wSw.wSw.wS.S|S.wSw.w.Sw.Sw.S|S.w.wSw.w.Sw.w.S|wSw.S.w.w.Sw.wS|w.Sw.Sw.Sw.S.wS|w.S.w.S.Sw.S.w.w.S|w.S.Sw.wSw.w.wS|w.Sw.S.w.S.w.Sw.S|Sw.Sw.wSw.Sw.S|w.S.w.Sw.S.wS.S|SwSw.w.S.w.Sw.S|wS.w.S.wSw.w.wS|Sw.wSw.S.w.S.w.S|w.S.wSwS.w.SwS|S.w.w.SwS.SSw.S|Sw.wSw.w.S.SwS|wS.wSw.S.w.Sw.S|S.w.S.w.w.Sw.Sw.S|w.w.SwwS.Sw.w.S|w.Sw.w.w.Sw.Sw.S|w.S.w.Sw.S.w.Sw.S|w.Sw.Sw.Sw.S.wS|wSwSw.w.w.Sw.S|wS.w.Sw.Sw.Sw.S|w.wSw.wSw.Sw.S|wS.Sw.wS.wSwS|wS.wS.Sw.Sw.wS|
Catalan_AusiasMarch	-0.23389457817824452	S.w.w.S.w.S.wS.w.S|S.wS.S.w.S.w.S.wS|S.w.w.S.w.S.wSwS|w.S.w.S.w.Sw.S.wS|Sw.w.S.wS.Sw.wS|S.wS.S.wS.w.Sw.S|S.w.wS.w.S.wS.wS|wS.w.S.w.S.w.SwS|wSw.S.w.Sw.S.wS|w.S.wS.w.w.Sw.w.S|w.S.w.S.w.S.wS.w.S|w.S.wS.Sw.S.wwS|w.SwS.wS.w.S.wS|S.wS.S.w.S.w.S.w.S|w.S.w.S.w.Sw.S.wS|wSwS.w.wS.w.wS|S.w.w.S.w.wS.SwS|w.S.wS.wS.w.Sw.S|S.Sw.S.wS.w.Sw.S|w.w.w.S.wS.w.S.w.S|w.S.w.S.w.S.w.SwS|S.wwS.w.S.w.S.wS|w.w.wS.w.S.wSwS|w.w.wS.S.wwSwS|Sw.w.S.w.S.wSwS|w.Sw.S.w.S.w.S.wS|w.wS.S.w.S.Sw.wS|S.w.wSw.wSw.wS|wSw.S.w.w.S.wS.S|wSw.S.S.Sw.S.wS|w.wS.w.w.wS.w.wS|w.S.w.S.S.w.S.w.wS|Sw.w.S.w.Sw.S.wS|S.w.w.S.Sw.w.Sw.S|w.S.w.S.w.Sw.S.w.S|wS.w.S.S.wS.w.w.S|w.S.wS.S.w.S.wwS|w.S.wS.S.w.w.S.wS|wS.w.S.SwS.wwS|w.Sw.S.wS.w.S.wS|S.Sw.S.S.w.S.wwS|w.S.w.S.w.S.wS.wS|w.S.wS.wS.S.wwS|S.wS.S.wwSw.wS|wS.w.S.S.wSw.wS|w.SwS.w.SwSw.S|w.S.w.S.w.S.w.S.w.S|w.S.wS.wSS.w.wS|S.wwS.w.S.Sw.wS|w.S.wS.w.w.S.w.wS|w.S.w.S.Sw.Sw.wS|w.SwS.S.wS.wS.S||S.w.w.S.w.S.wS.w.S|w.S.S.S.w.Sw.wSS|S.w.wS.w.Sw.S.wS|w.Sw.S.w.w.S.w.wS|w.Sw.S.S.w.w.SwS|w.S.wS.S.wwS.w.S|w.S.wS.w.S.wS.wS|S.w.wS.wS.SwS.S|w.S.wS.w.S.SwS.S|w.S.wS.S.wwSw.S|w.S.w.S.wSw.SwS|w.Sw.S.w.Sw.SwS|Sw.wS.w.S.S.w.w.S|wS.w.S.w.S.wS.wS|wS.w.S.w.S.wS.wS|w.S.wS.wS.w.Sw.S|wSwS.w.wS.w.w.S|w.SwS.wS.Sw.wS|Sw.wS.w.S.w.SwS|w.S.wS.w.w.S.w.wS|w.S.wS.wS.S.wwS|w.S.w.S.S.wwS.wS|S.w.wS.wS.w.S.wS|S.wS.S.w.S.w.SwS|S.w.w.S.S.wwSwS|w.S.w.S.w.S.S.wwS|w.S.S.w.S.w.SwS|S.wwS.S.w.w.SwS|S.w.wS.S.w.Sw.S.S|S.wwS.w.w.S.wwS|wS.wS.w.S.w.S.wS|w.S.wS.w.Sw.S.w.S|S.S.wS.w.S.w.S.wS|SwS.S.w.S.S.w.wS|w.S.w.S.w.wS.w.wS|wS.w.S.w.S.w.S.wS|w.S.wS.wS.w.S.wS|S.S.wS.wS.w.S.wS|wSwS.Sw.w.S.w.S|S.wS.S.S.w.S.w.wS|w.S.wS.w.S.S.wwS|w.S.w.S.w.S.wwS.S|w.S.w.S.wwSw.wS|w.S.w.S.S.wSw.wS|wS.w.S.wSwS.w.S|w.S.wS.w.S.w.S.w.S|w.S.wS.w.wS.wwS|S.w.w.S.S.wS.wwS|Sw.w.S.w.w.S.w.w.S|Sw.w.S.w.SwS.w.S|S.w.wS.ww.S.w.wS|S.w.w.S.w.w.S.wwS|S.wwS.wS.wS.w.S|SwwS.w.w.S.wwS|w.S.wS.wS.w.w.S.S|Sw.w.S.w.S.w.S.wS|S.w.w.S.ww.S.wwS|w.SwS.wS.w.SwS|wS.w.S.w.wS.S.wS|Sw.w.S.S.wwSwS|w.S.w.S.wS.w.S.wS|w.S.wS.S.wSw.wS|S.wwS.S.w.S.S.wS|w.S.wS.Sw.S.w.wS|w.S.w.S.S.wS.Sw.S|w.Sw.S.S.wSw.wS|w.S.wS.w.Sw.SwS|w.Sw.S.w.S.wS.w.S|S.w.wS.w.S.w.wS.S|S.SS.wS.w.Sw.wS|S.w.wS.w.S.w.S.wS|wS.wS.w.w.S.w.w.S|wS.wS.wS.w.S.wS|w.S.w.S.wS.w.wS.S|wS.w.S.wS.SwS.wS|w.S.w.S.w.Sw.S.wS|w.S.wS.w.Sw.S.wS|w.S.w.S.w.S.wS.wS|w.Sw.S.w.w.S.wwS|wwS.S.w.wS.S.wS|wS.w.S.S.wSw.wS|w.S.wS.w.Sw.S.wS|w.Sw.S.wS.w.S.wS|w.S.w.S.S.w.S.w.w.S|
Portugese_Camoes	-0.08737526693107206	w.S.wSw.Sw.SwS|w.Sw.S.w.Sw.Sw.S|w.S.wS.w.Sw.S.w.S|w.S.Sw.S.Sw.Sw.S|Sw.w.SwS.Sw.wS|S.S.w.S.wSw.SwS|w.S.w.SwSw.S.wS|Sw.S.w.w.Sw.S.w.S|wS.w.Sw.Sw.SwS|w.Sw.Sw.Sw.Sw.S|w.S.wSw.Sw.S.w.S|wS.wSw.SwSwS|w.Sw.Sw.Sw.Sw.S|w.Sw.S.w.Sw.S.w.S|wS.w.Sw.Sw.S.w.S|S.wSw.w.S.w.S.w.S|S.w.wSwSw.SwS|w.S.w.SwSw.S.wS|S.w.S.wS.S.w.S.wS|S.w.wS.wwSSw.S|w.Sw.SwSw.S.wS|S.wS.w.w.Sw.S.wS|S.wS.wS.Sw.S.wS|S.wS.w.S.Sw.SwS|S.w.S.w.w.Sw.SwS|w.Sw.wS.Sw.S.wS|w.SwS.wSw.SwS|w.S.wSw.S.w.SwS|
Napolitan_Cortese	-0.3119536177121325	w.Sw.S.wSw.S.wS|w.w.Sw.wSw.Sw.S|w.S.wSw.S.w.Sw.S|w.wSw.w.Sw.SwS|SS.w.Sw.Sw.S.w.S|w.Sw.Sw.S.w.SwS|w.S.Sww.S.Sw.w.S|Sw.w.Sw.Sw.Sw.S|w.S.w.Sw.Sw.Sw.S|w.w.Sw.w.S.w.w.w.S|wS.w.Sw.S.w.Sw.S|w.Sw.w.w.S.Sw.wS|S.w.w.Sw.SwSw.S|SwSw.w.S.w.S.w.S|w.w.w.Sw.Sw.Sw.S|w.Sw.S.wSw.Sw.S|wS.w.w.w.Sw.w.w.S|wSw.w.SSw.w.w.S|w.Sw.S.w.Sww.w.S|Sw.Sww.S.Sw.wS|Sw.Sw.S.Sw.w.w.S|w.w.SS.wS.Sw.wS|w.Sww.w.Sw.SwS|w.Sw.Sw.Sw.Sw.S|Sw.wSw.Sw.SwS|Sw.w.w.w.Sw.S.wS|Sww.Sw.S.wSwS|wSwSw.w.w.Sw.S|S.w.wS.wSw.w.w.S|w.S.w.SwSw.S.w.S|w.Sw.w.wSw.w.wS|w.S.w.Sw.S.w.Sw.S|wS.wSw.Sww.wS|w.Sw.Sw.Sw.S.wS|w.S.w.wwSw.w.w.S|w.Sw.S.S.Sw.w.wS|w.Sw.Sw.w.wSwS|Sww.S.wSw.w.wS|w.Sw.SwS.Sw.wS|Sww.Sw.S.wSw.S|Sw.w.Sw.Sw.S.w.S|S.wSw.wSw.w.wS|SSw.Sw.w.wSw.S|Sw.w.S.wSSw.wS|Sw.w.Sw.S.w.Sw.S|Sw.S.w.wSww.w.S|w.Sw.Sw.wS.Sw.S|wSw.w.wSw.w.wS|Sw.w.Sw.Sw.S.wS|w.Sw.S.w.SwS.w.S|Sw.w.Sw.Sw.w.wS|w.Sw.Sw.Sw.Sw.S|w.S.Sww.w.w.Sw.S|w.w.Sww.Sw.Sw.S|w.Sw.Sw.Sw.w.wS|w.Sw.w.wSw.w.wS|Sw.w.Sw.Sww.wS|w.Sw.w.Sww.wwS|w.Sw.Sw.Sw.wwS|w.Sw.w.wSw.wwS|Sw.w.Sw.w.w.wwS|w.Sw.w.wSw.Sw.S|Sw.w.Sw.Sw.Sw.S|w.S.wSw.Sww.w.S|wS.w.Sw.Sw.Sw.S|w.Sw.Sw.Sw.w.wS|w.Sw.S.w.Sw.w.wS|w.w.wSw.Sww.wS|w.Sw.w.wSww.w.S|w.S.wSw.wwS.wS|w.Sw.Sw.Sw.Sw.S|wSw.w.w.Sw.w.wS|wSw.w.wSwSw.w.S|Sw.w.SwSw.w.wS|w.S.w.w.wSww.w.S|w.w.wSw.Sw.SwS|Sw.w.wwS.S.w.w.S|wSww.w.Sw.w.wS|w.Sw.Sw.Sw.Sw.S|w.Sw.Sw.w.w.Sw.S|w.wSw.w.Sw.wwS|Sw.wSw.Sw.w.wS|Sw.wSw.Sw.Sw.S|w.Sw.Sw.Sww.wS|w.w.w.S.wSw.SwS|w.Sw.Sw.w.Sw.wS|w.Sw.Sw.w.wSw.S|Sw.w.Sw.w.w.Sw.S|wSw.Sw.Sw.S.wS|w.w.Sw.Sw.wwS|Sww.wwSw.Sw.S|S.wS.w.w.Sw.S.wS|Sw.w.Sw.w.Sw.wS|w.Sw.S.wSw.S.w.S|w.SSww.Sw.Sw.S|Sw.w.Sw.Sw.Sw.S|wSw.Sw.Sw.S.wS|w.w.wSwSw.Sw.S|w.w.Sw.wSw.wS.S|S.wwSw.Sww.w.S|Sw.wSw.Sw.SwS|S.w.wSw.Sw.wwS|w.Sw.w.w.Sw.S.wS|wS.w.w.w.Sw.Sw.S|Sw.wS.wSww.w.S|S.wwS.S.w.Sw.S|Sw.Sw.w.Sw.wwS|w.Sw.Sw.w.wSw.S|w.Sw.Sw.w.wSw.S|w.SwSw.Sw.wwS|wSw.w.wSw.S.w.S|Sw.w.Sw.w.wSw.S|wSw.w.w.Sww.w.S|Sw.w.Sw.Sw.Sw.S|w.Sw.Sw.Sw.S.w.S|Sw.Sw.w.Sw.S.w.S|w.w.Sw.wSw.w.w.S|S.w.Sw.w.Sw.wwS|w.Sw.S.wSw.S.wS|w.Sw.w.w.Sw.wwS|w.Sw.wwSw.w.wS|Sw.w.w.wSw.wwS|Sw.w.wwSw.w.wS|w.w.w.Sw.SwwwS|Sw.w.Sw.S.w.S.wS|wSS.w.wSw.wwS|Sww.w.wSw.w.wS|Sw.w.wwSw.wwS|wSw.w.wSw.SwS|w.Sw.w.w.Sw.w.wS|
French_DuBellay	-0.4346297372653746	w.w.wS.wwS.w.w.S|ww.wS.w.w.Sw.w.S|w.w.wS.w.S.wSw.S|Sw.w.S.w.wwS.w.S|S.wwS.w.Sw.wwS|w.w.wS.wS.w.w.wS|ww.wS.w.Sw.w.wS|w.ww.S.wSw.w.w.S|w.Sw.S.w.w.w.SwS|w.S.wS.w.ww.SwS|wS.w.S.w.wwSw.S|w.S.w.S.w.w.Sw.wS|S.wwS.w.S.w.w.wS|w.ww.S.w.S.w.wwS|w.w.w.S.w.wSw.wS|S.wwS.w.S.w.S.wS|w.w.w.S.w.Sw.wwS|w.S.wS.w.Sw.wwS|wSw.S.S.w.w.w.w.S|w.S.wS.w.Sw.wwS|wS.w.S.wSw.wwS|S.w.w.S.w.w.S.w.wS|w.SwS.w.w.Sw.wS|w.w.wSw.Sw.ww.S|w.S.wS.w.w.wS.wS|Sw.w.S.Sw.S.wwS|w.w.wS.w.wSw.w.S|wS.w.S.w.wS.wwS|wS.w.S.w.w.Sw.wS|w.S.wS.ww.S.w.w.S|www.wS.w.ww.wS|w.w.wS.w.www.wS|S.ww.S.w.wS.w.wS|w.S.wS.w.w.S.wwS|w.Sw.S.wS.w.w.w.S|w.w.wS.w.Sw.w.wS|w.S.w.S.w.w.S.wwS|w.S.w.S.w.w.Sw.w.S|w.w.wS.w.S.wwwS|w.S.wS.w.wwwwS|S.w.wS.w.wSw.wS|w.S.w.S.S.wwwwS|Sw.wS.w.w.wSw.S|Sw.w.S.w.Sw.w.wS|w.w.w.S.Sw.w.Sw.S|w.wwS.www.Sw.S|w.S.wS.wwS.w.w.S|w.wwS.Sw.S.w.w.S|Sw.wS.w.w.wS.wS|S.w.w.S.wwS.w.wS|wSw.S.w.wSw.wS|wS.wS.w.S.wS.wS|wSw.S.w.Sw.wwS|w.wwS.w.wSw.wS|Sw.w.S.w.w.Sw.wS|wwwS.w.w.S.wwS|wSw.Sw.w.wS.wwS|Sw.w.S.Sw.w.S.w.S|w.w.w.Sw.S.w.wS.S|w.wwS.w.w.S.w.wS|wSw.S.w.wSwwS|w.S.w.S.w.S.w.Sw.S|wS.w.S.Sw.SwwS|Sw.w.S.wS.w.wwS|w.w.w.S.w.S.wS.wS|w.w.w.S.w.w.SwwS|S.w.wS.w.S.w.wwS|w.w.w.S.w.S.w.w.wS|S.S.wS.S.Sw.wS.S|w.w.wS.wwSw.wS|wS.w.S.w.w.wwwS|w.S.w.S.w.Sw.w.wS|S.ww.S.wS.w.S.wS|w.w.w.S.w.w.S.wwS|w.w.w.S.w.Sw.wwS|w.w.w.SwS.w.wwS|w.S.w.S.w.w.S.wwS|S.wwS.w.Sw.w.wS|w.ww.S.w.wS.w.wS|w.S.w.S.w.w.Sw.wS|w.S.wSwwwS.wS|w.SwSwS.S.wwS|w.w.wS.wS.w.ww.S|w.w.w.Sw.w.wSw.S|Sw.w.S.S.wS.wwS|w.S.wS.w.wS.wwS|wS.w.S.ww.Sw.wS|w.S.w.S.ww.Sw.wS|w.w.w.S.w.Sw.wwS|w.wwS.ww.wS.wS|ww.wS.w.S.w.S.wS|w.S.w.S.wSw.wwS|www.S.w.wwS.w.S|w.w.wS.w.wwS.w.S|w.w.wS.wwS.w.w.S|w.w.w.S.wS.w.S.wS|wwwS.w.Sw.w.wS|w.S.wS.w.wwS.wS|w.S.wS.w.wSw.w.S|w.w.w.S.Sw.Sw.w.S|w.w.w.S.w.Sw.w.w.S|w.w.wS.Sw.w.Sw.S|S.ww.Sw.wSwwS|w.w.wS.w.wSw.wS|S.w.w.S.w.wS.wwS|w.w.wS.wSwSw.S|S.w.wS.wSw.S.wS|w.w.w.SwSwS.w.S|S.w.w.Sw.S.w.S.w.S|S.w.wS.wSwwwS|w.Sw.S.w.wS.ww.S|w.w.wSw.w.S.w.wS|wS.w.S.w.wS.w.wS|ww.wS.w.wSw.w.S|S.w.wS.w.wwSw.S|w.S.w.SwwwS.wS|w.w.wS.w.wSw.wS|S.w.w.S.wSw.w.wS|w.ww.Sw.w.w.S.wS|Sw.w.S.w.wS.w.wS|S.w.w.S.w.wwS.w.S|wwwS.Sw.wS.w.S|w.wwSw.S.ww.wS|S.w.w.S.wS.w.S.wS|w.S.w.S.w.w.wSw.S|w.ww.Sw.w.S.w.w.S|Sw.S.S.w.wwS.wS|wwS.Sw.w.w.S.wS|w.S.w.S.wwS.w.wS|w.w.w.S.w.Sw.w.wS|w.w.w.S.S.w.wS.w.S|w.S.wS.wS.w.Sw.S|Sw.wS.w.SwS.w.S|wS.w.S.wwS.w.w.S|w.S.w.S.wSw.S.w.S|S.S.wS.w.Sw.w.w.S|S.w.wS.w.w.wS.w.S|w.w.w.S.S.w.wwwS|w.S.wS.wS.Sw.wS|w.Sw.Sw.w.S.wwS|
Spanish_deLaTorre	-0.4482072931419239	ww.Sw.wSw.w.wS|S.wS.ww.Sw.SwS|Sw.wSw.Sw.wwS|w.Sw.Sw.Sw.SwS|SwSw.w.Sw.wwS|wSww.S.Sw.wwS|Sw.wSS.S.w.SS.S|w.Sw.Sw.w.S.SwS|ww.w.SS.Sw.w.wS|w.Sw.Sw.Sw.wS.S|wSw.Sw.w.wSw.S|w.S.wS.wSw.wS.S|w.SwSwSw.S.w.S|w.w.Sw.wS.SSw.S|SS.Sw.w.Sw.S.wS|wwS.w.wS.w.Sw.S|Sw.Sw.wS.Sw.wS|wSw.Sw.w.w.S.wS|wS.Sw.w.S.ww.wS|Sw.w.S.w.SwwS|wS.Sw.w.Sw.w.wS|Sw.w.wwS.wS.w.S|w.Sw.Sw.ww.SwS|w.S.w.Sw.w.wS.w.S|w.Sw.Sw.w.wSw.S|w.Sw.Sw.Sw.Sw.S|w.Sw.wwSwS.wS|Sw.w.Sw.S.Sw.wS|Sw.w.wwSw.SwS|wSw.wwSw.w.wS|w.wwSw.S.w.w.wS|wSw.wwSw.w.wS|S.w.w.w.wS.S.wwS|w.wwSw.wwS.w.S|wwSw.wSw.wwS|wS.Sw.w.Sw.wwS|wS.w.Sw.Sww.w.S|Sw.wSw.w.wSw.S|w.wSw.wS.Sw.wS|w.SSw.w.S.w.Sw.S|w.Sw.S.ww.w.SwS|w.w.wS.S.Sw.S.w.S|Sw.wSw.Sw.wwS|w.Sw.Sw.w.wSwS|Sw.w.S.S.Sww.w.S|w.S.wSw.w.w.S.w.S|S.S.w.wwS.w.w.wS|Sw.wSw.w.w.S.wS|Sw.w.Sw.w.w.S.wS|wwSw.wS.Sw.wS|S.w.wS.w.Sw.w.wS|w.wwS.w.w.wS.w.S|Sw.w.Sw.wwS.w.S|wS.w.S.w.w.w.SwS|w.Sw.Sw.Sw.ww.S|Sw.S.Sw.Sw.S.w.S|Sw.Sw.w.S.w.wwS|Sw.wSw.Sw.Sw.S|wwwS.wSw.w.wS|wwSw.w.Sw.S.wS|wSw.S.w.Sw.w.wS|w.w.S.wwSw.w.w.S|ww.Sw.wS.w.S.wS|wS.Sw.w.SwwwS|Sw.Sw.wS.w.Sw.S|S.wSw.w.S.wSw.S|wSw.w.wSw.w.w.S|S.w.S.Sw.Sw.w.wS|Sw.wSw.w.wSw.S|S.SwSw.w.wS.wS|Sw.wSw.wwSw.S|w.wwSw.Sw.wwS|wwSw.w.S.wwwS|Sw.wSw.wwSw.S|w.Sw.SwS.w.w.wS|w.wSw.wSw.w.wS|wwS.w.wS.w.w.wS|w.Sw.S.w.wwSw.S|S.w.Sw.w.S.w.S.w.S|wwS.wwS.w.w.wS|w.w.S.wwSw.wwS|Sw.S.Sw.w.wS.w.S|w.w.wSw.Sw.wwS|S.wS.S.w.Sw.w.wS|Sw.wSw.S.w.w.wS|wwSw.w.Sww.wS|Sw.wSw.SwSw.S|wwS.wwSw.wwS|Sw.S.S.wSwSw.S|Sw.wSw.SwwwS|Sw.w.wwSw.wwS|w.Sw.Sw.w.w.SwS|S.w.Sw.w.Sw.w.wS|Sw.w.w.wwS.wwS|Sw.w.S.w.Sww.wS|wSw.S.wSwS.w.S|wS.Sw.w.Sw.w.wS|ww.S.wwSwwS|SS.w.Sw.w.w.Sw.S|w.wwSw.Sw.wwS|Sw.w.w.w.Sw.wwS|w.wSw.wS.w.Sw.S|Sw.w.w.w.S.w.SwS|w.wwS.w.Sw.S.wS|Sw.w.w.wSw.w.w.S|Sw.w.Sw.w.wSw.S|Sw.w.Sw.Sw.w.wS|Sw.w.Sw.SwSw.S|w.Sw.SwSw.S.w.S|ww.wS.wSw.wwS|w.w.Sw.w.S.w.S.w.S|w.SwwwS.w.S.w.S|Sw.w.Sw.w.wS.wS|Sw.w.Sw.wwS.wS|w.wwSw.Sw.w.w.S|wSw.Sw.wwSw.S|Sw.w.Sw.w.wSw.S|w.Sw.w.wSwSw.S|wSww.w.S.wwwS|w.Sw.w.wS.w.Sw.S|wSwSw.Sw.w.wS|wSw.Sw.w.wSw.S|Sw.w.S.w.Sw.w.wS|Sw.wSw.wwS.wS|Sw.w.Sw.w.w.SwS|w.w.Sw.w.Sw.Sw.S|w.wwS.wS.w.Sw.S|w.Sw.S.w.Sw.wwS|wS.w.Sw.w.w.Sw.S|w.w.wSw.wwSwS|w.w.wS.w.wwS.w.S|wwSw.w.Sw.w.S.S|wS.w.w.wSw.w.wS|w.S.wSw.S.wSw.S|S.Sw.w.wS.w.wS.S|Sw.SwwS.wwS.S|w.S.ww.wSSw.wS|wS.w.S.w.wwS.w.S|wS.w.S.wSwSw.S|wSw.Sw.S.w.Sw.S|
Occitan_Gaucelm	-0.3357010790373993	w.S.Sw.Sw.w.S.wS|w.w.w.S.w.w.S.w.wS|w.w.S.w.wwS.w.wS|w.w.w.S.w.S.w.w.wS|w.w.wS.w.w.S.w.wS|w.w.wS.w.w.S.w.wS|w.w.Sw.S.Sw.w.wS|w.wwS.Sw.w.wwS|Sw.wS.w.S.w.S.wS|w.wwS.S.w.w.wwS|w.w.wS.w.w.S.w.wS|w.w.Sw.wS.wwwS|w.Sw.w.Sw.w.w.wS|w.w.wS.w.Sw.wwS|w.w.Sw.wS.w.w.wS|w.S.w.S.wS.wwwS|S.w.wS.w.wS.w.wS|wS.wS.w.w.Sw.wS|w.w.Sw.Sw.S.wwS|w.S.wS.Sw.w.S.wS|w.w.wS.w.wwS.wS|w.Sw.S.w.w.S.wwS|w.w.wS.S.wS.w.wS|S.w.Sw.Sw.w.wwS|w.S.wS.w.wS.S.wS|w.Sw.S.w.S.S.wS|wwS.w.w.wSw.wS|wS.w.S.w.wS.wwS|w.w.wS.S.w.Sw.wS|w.S.wS.S.w.wwwS|w.S.w.w.wwS.wwS|wS.wS.Sw.S.wwS|S.w.wS.w.S.S.w.wS|wS.wS.wS.w.S.wS|S.w.wS.w.wS.w.wS|w.wwS.w.wS.w.wS|w.S.w.S.w.S.w.wwS|w.wSw.w.wS.w.w.S|w.S.w.S.wS.w.w.wS|w.S.wS.w.wS.wwS|w.w.Sw.w.S.w.wwS|w.w.w.S.w.w.wwwS|wS.wS.w.S.w.S.wS|w.w.wS.Sw.w.wwS|w.S.wS.w.w.S.wwS|wS.wS.wwwS.wS|w.S.w.S.Sw.w.w.w.S|w.Sww.Sw.w.w.wS|Sw.w.S.w.Sw.S.wS|w.w.wS.S.w.S.w.wS|w.S.w.w.w.S.wSw.S|Sw.w.w.S.Sw.S.wS|S.w.w.S.w.w.wS.wS|S.w.w.S.w.S.w.wwS|w.S.w.S.w.S.w.S.wS|w.Sw.S.w.wwwwS|w.wS.S.w.Sw.S.wS|w.wSw.w.S.w.w.wS|w.w.wS.w.S.w.w.wS|wwwS.w.wSw.wS|w.Sw.S.S.w.Sw.wS|w.S.w.S.w.S.wS.wS|S.w.wS.w.wwwwS|w.wwS.w.S.wS.wS|w.wwS.w.S.w.wwS|S.w.wS.wS.w.wwS|w.w.wS.wS.S.w.wS|w.w.wS.w.w.wwwS|S.w.w.S.wSw.w.wS|S.w.wS.w.S.w.S.wS|w.wS.S.wwS.w.w.S|w.S.wS.w.S.w.wwS|w.w.wS.w.wS.w.wS|w.w.wS.wS.Sw.w.S|w.w.wS.w.S.w.wwS|w.w.w.S.w.S.wwwS|w.wwS.w.wwS.wS|w.wwS.S.w.S.wwS|w.w.Sw.w.w.S.wwS|w.w.Sw.w.S.w.wwS|w.w.Sw.w.w.w.w.wS|w.wwS.Sw.S.wwS|w.w.S.S.w.wwS.wS|Sw.w.S.Sw.wwwS|S.w.wS.wS.w.Sw.S|w.S.wS.wS.wwS.S|w.Sw.S.w.S.S.w.wS|w.S.w.S.wS.w.S.wS|w.Sw.S.w.w.S.S.w.S|w.S.w.S.w.w.S.ww.S|S.w.w.S.Sw.w.wwS|w.w.w.S.S.Sw.S.w.S|w.S.wS.S.w.S.w.w.S|w.S.wS.w.w.Sw.wS|wS.w.S.w.wwS.wS|Sw.w.S.w.S.w.wwS|w.w.w.S.S.wS.w.wS|w.S.wS.w.w.S.w.wS|Sw.wS.w.S.w.S.w.S|S.w.wS.w.w.w.S.wS|S.w.Sw.w.wS.w.w.S|w.w.w.S.w.w.w.w.wS|S.w.wS.w.S.wS.w.S|Sw.w.S.w.S.w.w.S.S|w.wwS.wS.w.S.wS|S.w.wS.w.w.Sw.w.S|w.Sw.S.w.S.S.w.wS|w.S.wS.wS.Sw.wS|w.w.w.S.w.w.S.w.wS|w.w.wS.w.wS.w.wS|w.Sw.S.wS.w.S.w.S|w.wS.S.w.wS.w.wS|w.w.Sw.w.S.wS.wS|wS.wS.w.w.S.w.wS|w.S.wS.w.wS.w.wS|w.w.Sw.wSw.wwS|w.w.w.S.S.w.wS.wS|wS.w.S.S.w.w.wS.S|w.S.wS.w.S.w.S.w.S|w.S.w.S.w.Sw.w.wS|Sw.w.S.wS.w.S.w.S|w.w.S.w.wS.wS.w.S|wS.w.w.S.w.w.S.wS|w.S.w.S.wS.w.S.w.S|
ItalianSicily_daLentini	-0.29841886323373024	w.Sw.S.w.Sw.S.w.S|w.S.w.S.wSw.S.w.S|w.S.wSw.S.wSw.S|w.S.w.Sw.SwSw.S|wS.wSSwwSw.S|w.SwSw.w.w.Sw.S|wS.w.Sw.wS.wSw.S|w.Sww.S.w.w.Sw.S|w.Sw.S.w.Sw.S.w.S|Sw.wSw.w.w.S.S.S|Sw.Sw.wSw.w.w.S|w.Sw.S.w.Sw.w.S.S|wSw.wwSw.Sw.S|w.S.Sw.w.w.Sw.w.S|w.Sw.S.w.Sw.w.w.S|w.Sw.w.w.Sw.w.w.S|w.Sw.Sw.S.w.Sw.S|w.Sw.Sw.S.w.Sw.S|wS.wSw.Sw.Sw.S|S.wSw.w.Sw.w.w.S|Sw.S.Sw.w.Sw.w.S|Sw.w.S.w.w.Sw.wS|w.Sw.w.wSw.Sw.S|w.S.w.S.wSw.S.wS|w.Sw.Sw.Sw.S.w.S|w.w.S.SwSww.w.S|w.Sw.w.wSw.S.wS|w.Sw.Sw.Sw.wS.S|w.Sw.Sw.S.w.SwS|w.Sw.S.w.w.Sww.S|w.w.w.Sw.Sw.Sw.S|S.w.Sw.w.Sw.Sw.S|Sw.Sww.Sw.S.w.S|w.S.w.wwSw.w.w.S|w.Sw.S.wSw.wwS|w.Sw.S.w.SSw.w.S|w.SwSw.w.Sw.w.S|w.S.wSw.Sw.S.wS|wS.w.Sw.w.Sw.w.S|w.w.wSw.S.w.S.wS|wwwSw.w.Sw.wS|w.Sw.wSw.w.S.wS|SwwSw.w.S.wwS|Sww.Sw.w.Sw.w.S|w.S.w.Sw.S.wS.w.S|Sw.w.Sw.w.w.S.wS|wS.w.w.SwS.wwS|S.w.Sw.w.S.Sw.w.S|w.w.Sw.wSw.S.wS|Sw.w.Sw.Sw.Sw.S|S.w.Sw.w.S.w.Sw.S|w.S.w.S.wSw.w.w.S|w.SSw.w.Sw.Sw.S|w.S.w.Sw.S.w.S.w.S|w.w.Sw.wSw.w.w.S|w.Sw.Sw.w.Sww.S|Sw.Sw.wSw.w.wS|wwSw.wSw.SwS|w.w.S.Sw.Sw.w.w.S|w.SwSw.S.Sw.wS|S.w.wSwSw.Sw.S|Sw.w.Sw.Sw.wwS|w.SwSw.w.w.Sw.S|Sw.wS.w.Sw.wwS|SwwSw.S.w.S.w.S|w.wwSw.S.w.S.wS|S.w.wSw.w.Sw.wS|Sw.w.Sw.S.Sw.wS|S.w.wS.Sw.Sw.wS|w.w.wSw.S.wS.wS|w.Sw.Sw.wS.w.wS|w.w.w.Sw.w.Sw.wS|w.Sw.S.w.S.wwwS|S.w.wSw.w.SwwS|w.w.w.Sw.w.SSw.S|S.w.wSw.w.S.wwS|w.w.w.Sw.wS.S.wS|w.S.wSw.w.w.S.wS|Sw.wSw.w.Sw.wS|w.S.wSw.w.Sw.wS|S.w.Sw.w.Sw.w.w.S|wS.w.Sw.w.Sw.wS|w.Sw.w.wSw.S.w.S|w.Sw.S.w.Sw.Sw.S|w.Sw.Sw.Sw.Sw.S|w.w.w.Sw.Sww.wS|w.SwSw.Sw.wwS|w.Sw.Sw.Sww.wS|w.Sw.Sw.SwwwS|w.w.wSw.Sww.wS|w.S.wSw.Sw.Sw.S|w.S.wSw.SwSwS|w.w.Sw.wS.Sw.w.S|Sw.wSw.wSw.wS|w.Sw.SwS.wS.w.S|w.Sw.S.w.S.S.w.w.S|w.Sw.S.w.SSw.w.S|wS.w.Sw.Sww.w.S|w.Sw.Sw.Sw.S.wS|w.S.wSw.Sw.wwS|w.Sw.Sw.SwSw.S|w.w.wS.wSw.Sw.S||Sw.w.Sw.Sw.Sw.S|w.Sw.S.w.wwS.wS|wSw.w.w.w.Sw.wS|w.w.w.Sw.SwwwS|w.S.wSw.S.wSw.S|w.S.wS.w.S.w.wwS|w.w.w.Sw.Sww.wS|S.w.w.wS.S.wwwS|wSw.w.w.Sw.Sw.S|w.Sw.w.wSwwwS|w.Sw.Sw.w.S.wwS|w.Sw.S.wSwSwS|wSw.Sw.S.w.S.wS|w.Sw.Sw.w.w.SwS|wSw.Sw.Sw.w.w.S|w.Sw.Sw.Sww.w.S|w.Sw.Sw.Sw.w.w.S|w.Sw.S.wS.SSw.S|w.SwSw.Sw.w.wS|w.Sw.w.wSw.Sw.S|w.S.w.Sw.Sww.wS|w.Sww.w.Sw.wwS|w.Sww.wSw.SwS|w.Sw.w.wSw.w.w.S|w.w.wSw.Sw.w.wS|wS.wSw.Sw.w.wS|w.S.w.Sw.S.w.wwS|w.w.wSw.Sw.Sw.S|
Frisian_Japics	-0.13015742993484625	w.Sw.S.w.S.SSw.S|w.Sw.S.wSw.S.w.S|S.Sw.S.wS.w.Sw.S|w.S.w.S.w.Sw.Sw.S|w.SwS.w.S.w.Sw.S|S.S.w.S.w.S.w.S.w.S|w.Sw.Sw.S.w.Sw.S|w.S.wS.w.S.w.Sw.S|w.Sw.Sw.Sw.Sw.S.wS|w.S.wS.S.S.w.S.w.S|S.Sw.S.w.S.w.S.w.S||S.SwSw.Sw.Sw.S|S.S.w.S.w.S.w.S.wS|wS.w.Sw.Sw.Sw.S|w.SwS.w.S.wSw.S|w.Sw.S.w.Sw.S.w.S|wSw.S.w.Sw.S.wS|w.S.w.S.w.S.w.S.w.S|w.Sw.Sw.S.w.S.wS|w.S.w.S.w.S.S.w.w.S|w.S.w.Sw.w.S.w.w.S|w.S.w.S.SSw.S.wS|w.S.S.w.S.w.w.Sw.S|w.S.w.Sw.S.w.S.w.S|S.Sw.S.w.S.w.S.wS|w.S.w.S.wSw.SwS|S.Sw.S.w.Sw.S.w.S|w.Sw.S.w.S.S.w.w.S|w.S.w.S.w.Sw.S.wS|w.Sw.S.w.S.w.S.wS|S.w.w.Sw.S.w.S.wS||w.Sw.S.wSw.Sw.S|w.S.w.S.w.S.w.S.wS|S.Sw.S.w.S.w.S.wS||w.Sw.S.w.S.w.SwS|w.S.w.S.w.S.w.S.wS|w.S.w.S.wSw.S.w.S|w.S.w.S.wS.wSw.S|w.S.w.S.S.Sw.Sw.S|w.Sw.S.w.S.w.Sw.S|w.Sw.Sw.Sw.S.wS|w.S.w.S.w.S.w.S.w.S|w.Sw.Sw.Sw.S.w.S|SS.w.SS.Sw.S.w.S|S.Sww.w.Sw.S.w.S|w.Sw.S.wSw.S.w.S|S.w.wS.w.Sw.S.wS|Sw.wS.w.S.S.w.w.S|w.Sw.S.w.SS.w.w.S|w.S.w.S.w.S.w.S.w.S|w.Sw.S.w.Sw.S.w.S|w.S.w.Sw.S.w.Sw.S|Sw.w.S.w.S.w.Sw.S|w.Sw.S.w.S.w.S.wS|S.w.w.S.S.w.wSw.S|S.ww.S.w.S.wS.w.S|wSw.S.w.Sw.S.w.S|w.S.wS.w.Sw.Sw.S|w.S.w.S.w.S.w.SwS|w.S.wS.w.S.w.S.wS|w.S.w.Sw.Sw.S.w.S|w.S.w.S.w.w.S.S.w.S|w.Sw.S.w.S.w.Sw.S|wS.w.Sw.Sw.S.wS|w.S.w.Sww.S.w.S.wS|w.SwS.w.SwSw.S|w.Sw.S.w.SS.S.wS|w.Sw.Sw.Sw.S.wS|w.Sw.SwSw.Sw.S|w.Sww.w.S.w.Sw.S|w.Sw.S.w.S.S.S.w.S|w.S.SwS.wS.S.w.S||w.SS.SwS.S.w.S.S|w.Sw.S.w.S.w.S.w.S||w.S.w.S.w.Sw.S.wS|w.S.w.S.w.S.Sww.S|w.Sw.Sw.Sw.Sw.S|w.S.w.Sw.Sw.S.wS|w.S.w.S.S.S.w.S.w.S|w.S.w.S.w.S.w.S.w.S|w.S.wS.w.SwSw.S|w.Sw.S.wSw.S.w.S|w.SwS.w.S.w.Sw.S|S.S.w.S.w.S.w.Sw.S|w.Sww.Sw.w.S.w.S|Sw.w.S.SSw.S.w.S|w.S.w.S.w.Sw.Sw.S|w.S.w.S.w.S.w.S.w.S|w.Sw.S.w.Sw.S.w.S|w.Sw.w.S.S.w.Sw.S|w.Sw.S.w.S.wS.w.S|w.S.wS.w.S.w.S.w.S|w.SwS.w.Sw.Sw.S|w.S.wS.w.Sw.S.wS|w.S.w.S.w.Sw.S.w.S|w.S.wSw.S.w.S.wS|SwS.S.w.Sw.S.wS|Sw.wS.w.Sw.S.w.S|w.S.w.S.wS.w.Sw.S|wS.w.S.wS.w.Sw.S|S.w.w.S.w.S.w.Sw.S|S.Sw.S.w.Sw.Sw.S|w.Sw.Sw.S.wSw.S|w.Sw.Sw.Sw.S.wS|S.Sw.S.w.Sw.Sw.S|w.S.wSw.w.Sw.w.S|w.S.w.Sw.Sw.Sw.S|w.S.wS.SwS.w.Sw.S|wSw.Sw.S.w.Sw.S|S.w.S.w.SS.w.SwS|w.S.w.S.wSw.Sw.S|w.Sw.wS.w.wS.wS|S.w.w.S.w.Sw.w.w.S|wS.wS.wS.wSw.S|w.S.w.SwS.w.S.w.S|w.Sw.Sw.S.w.Sw.S|wS.w.S.w.S.w.SwS|w.Sw.S.w.wS.Sw.S|wS.w.S.wS.SwSw.S|w.S.w.S.w.Sw.S.w.S|w.S.wS.w.S.w.w.S.S|w.Sw.w.w.w.SwS|w.S.w.Sw.S.wS.wS|w.S.w.SwSwSw.S|w.S.w.wS.S.wSwS|w.S.w.S.w.S.wSw.S|w.Sw.Sw.S.SS.wS|w.S.wS.w.S.w.S.w.S|w.S.w.S.w.Sw.S.S.S|w.S.w.S.w.Sw.SwS|w.Sw.S.w.Sw.SwS|w.S.w.Sw.S.w.Sw.S|w.S.w.S.w.Sw.S.w.S|w.SwS.w.S.w.S.w.S|w.S.wSw.Sw.S.wS|
German_Opitz	-0.10407801348577611	w.w.S.w.w.Sw.Sw.S|w.Sww.w.Sw.Sw.S|w.S.w.S.w.Sw.S.wS|w.S.wS.wSww.w.S|w.S.wS.S.w.S.w.w.S|w.S.w.S.w.Sw.S.wS|w.Sw.S.w.Sw.S.w.S|w.Sw.S.w.Sw.Sw.S|w.SwS.w.SwSw.S|w.Sw.S.w.S.w.S.wS|w.S.w.S.w.S.wSw.S|w.S.w.S.w.S.w.S.wS|w.S.w.S.w.S.wSw.S|w.S.wS.w.Sw.S.w.S|w.Sw.S.w.S.w.Sw.S|w.Sww.w.Sw.Sw.S|w.SwS.w.Sw.S.w.S|wSw.S.w.S.w.Sw.S|w.Sw.S.w.Sw.S.w.S|w.S.wS.w.S.w.S.wS|w.S.w.S.w.Sww.w.S|w.S.w.S.w.SwS.w.S|S.w.w.S.w.SwSw.S|w.S.w.S.w.Sw.Sw.S|w.Sw.S.w.Sw.SwS|w.Sw.S.w.Sw.S.w.S|S.w.Sw.w.Sw.Sw.S|w.S.w.S.w.Sw.Sw.S|w.Sw.S.w.Sw.S.wS|wS.wS.w.Sw.S.w.S|wS.w.S.w.S.w.Sw.S|w.S.wS.w.S.w.Sw.S|w.S.w.S.w.Sw.Sw.S|w.Sw.S.w.S.w.Sw.S|w.SwS.w.Sw.S.w.S|w.Sw.S.w.Sw.S.w.S|S.w.w.S.w.S.w.Sw.S|S.w.w.S.S.ww.Sw.S|w.S.wS.w.Sw.Sw.S|w.Sw.S.w.Sw.Sw.S|w.S.w.S.w.S.w.w.wS|w.Sw.w.Sw.Sww.S|wS.w.Sw.w.w.Sw.S|w.Sw.S.w.Sw.S.wS|w.Sw.S.Sw.w.Sw.S|Sw.w.S.w.Sw.S.wS|w.Sw.S.w.Sw.Sw.S|w.Sw.S.wSw.S.wS|w.Sw.S.w.Sw.S.w.S|w.S.w.S.w.Sw.S.w.S|w.SwS.w.S.w.S.w.S|wS.w.Sw.w.S.w.Sw.S|w.Sw.S.w.Sw.S.w.S|w.Sw.S.w.Sw.S.w.S|S.w.wS.w.Sw.Sw.S|wSw.S.w.S.w.Sw.S|w.Sw.S.w.SwSw.S|w.Sw.S.w.S.w.Sw.S|w.S.w.S.w.S.wSw.S|w.Sw.S.w.w.SSwS|w.Sw.S.w.Sw.S.wS|w.S.wS.w.Sw.S.w.S|w.Sw.S.w.Sw.S.wS|w.Sw.S.w.Sw.S.w.S|w.S.w.S.w.S.w.Sw.S|w.Sw.S.w.S.w.S.w.S|w.S.w.S.wS.w.Sw.S|w.Sw.S.w.S.w.S.w.S|w.Sw.S.w.Sw.S.w.S|w.Sw.S.w.S.w.S.wS|w.Sw.S.w.S.w.Sw.S|
French_Peletier	-0.3753510931783427	w.w.w.Sw.S.w.S.wS|w.w.wS.w.wS.S.wS|w.w.w.S.Sw.Sw.wS|ww.w.S.wwS.wwS|w.ww.S.wwS.wwS|wS.wS.w.wS.w.wS|w.w.w.S.w.w.Sw.w.S|w.w.wS.w.wS.w.wS|w.S.w.S.wwS.w.wS|ww.wS.wwS.w.wS|w.w.wS.ww.w.S.w.S|w.w.w.S.wSw.wwS|w.ww.S.wwS.wwS|w.S.wS.w.wSw.wS|wS.w.S.S.S.w.w.wS|S.Sw.S.w.w.w.S.w.S|S.w.wS.w.w.Sw.w.S|w.w.wS.w.wSw.wS|w.S.wS.w.Sw.w.wS|S.wwS.wwS.w.wS|w.w.wS.wS.S.wwS|wS.w.S.w.Sw.wwS|wSw.Sw.w.S.wwS|S.S.w.SwSw.SwS|w.w.wS.w.w.wS.w.S|w.w.w.S.w.wS.w.wS|wS.w.S.w.S.w.wwS|w.wS.S.wS.wwSS|w.w.wS.S.w.w.S.wS|S.S.w.S.w.S.wS.wS|w.wwS.w.S.w.w.S.S|wS.wS.S.S.w.Sw.S|Sw.S.S.w.wS.w.wS|w.wS.S.w.Sw.w.wS|w.w.S.Sw.wS.w.wS|S.w.wS.w.wwS.wS|S.w.wS.w.wS.w.wS|S.w.wS.S.S.w.S.wS|w.w.w.S.w.wS.w.w.S|w.w.S.w.wS.w.w.S.S|w.w.wS.w.wwwS.S|w.w.wS.w.w.S.w.wS|wS.w.S.w.w.S.w.wS|w.ww.Sw.S.w.w.wS|w.ww.S.S.w.S.w.wS|w.w.w.S.S.wS.S.w.S|w.ww.S.w.S.S.wwS|wS.w.S.w.Sw.S.w.S|w.w.S.Sw.w.wS.wS|w.ww.S.w.w.w.S.wS|S.wS.S.w.w.w.S.w.S|w.S.w.S.w.S.wS.w.S|w.w.w.Sw.Sw.wS.S|w.wS.Sw.S.wwS.S|w.Sw.S.Sw.Sw.w.S|S.SwS.wwS.S.w.S|w.S.wS.S.w.Sw.wS|w.w.w.Sw.w.Sw.wS|w.Sw.S.S.ww.Sw.S|S.w.S.S.w.S.w.wwS|w.w.wS.wwSw.S|w.w.wS.w.S.w.w.wS|w.w.S.S.w.wS.w.Sw|wS.w.S.wS.Sw.wS|S.wS.S.w.S.S.wwS|w.S.w.S.wS.w.S.wS|w.S.wS.S.w.S.Sw.S|w.S.w.S.wS.wS.w.S|w.S.w.S.w.w.S.w.S.S|w.S.w.S.w.S.w.wwS|w.w.S.S.w.S.w.SwS|w.Sw.S.S.S.w.S.w.S|S.w.wS.w.w.S.wwS|w.w.wS.w.S.S.w.w.S|w.wwS.w.w.Sw.S.S|w.S.wSSw.S.w.wS|w.wS.Sw.wS.w.S.S|w.w.w.S.wSw.w.w.S|wS.w.Sw.Sw.w.wS|S.w.w.Sw.S.w.Sw.S|wSw.S.w.Sw.w.S.S|w.Sw.S.w.S.w.Sw.S|wSw.S.w.S.w.w.S.S|S.w.S.S.w.w.Sw.wS|w.S.w.Sw.w.Sw.w.S|S.w.w.S.w.wS.w.wS|w.w.wS.wS.w.w.wS|w.S.w.S.w.Sw.S.wS|wS.wS.w.Sw.S.wS|w.S.wSwS.Sw.wS|w.S.w.S.w.wSw.w.S|wwwS.w.Sw.S.w.S|w.w.wS.S.w.S.w.wS|ww.wS.S.wwS.wS|S.S.wS.w.wwS.wS|w.w.S.S.w.wSwwS|wS.wS.wS.wwwS|S.w.w.S.S.wS.wwS|w.w.wS.w.w.w.S.wS|ww.w.S.wS.w.S.wS|w.w.wS.wwSw.wS|w.wS.Sw.wS.wwS|w.w.wSSw.Sw.wS|wS.w.S.wS.w.wwS|S.w.wS.w.ww.Sw.S|wS.wS.wS.w.w.wS|w.w.wS.w.w.wSw.S||S.w.wS.S.wS.Sw.S|w.w.S.S.SwSw.wS|w.w.wSw.S.w.Sw.S|w.w.wS.wSw.w.wS|w.wwSwSw.w.wS|S.w.w.Sw.Sw.w.S.S||w.wwS.w.Sw.wwS|w.S.wS.w.Sw.wwS|Sw.wSwSw.w.w.S|w.wwS.wSw.wwS|w.wwS.w.S.wwwS|Sw.w.Sw.S.wSw.w.S||Sw.w.S.wwS.wS.S|w.w.wS.wS.ww.wS|wSw.S.w.wS.Sw.S|Sw.wSw.S.wS.wS|w.SwSw.wS.w.wS||Sw.wS.w.w.S.wwS|w.wwS.w.w.Sw.wS|S.w.wS.w.w.wS.wS|S.S.w.S.w.w.S.wS.S|w.wS.Sw.w.S.S.wS|wS.w.S.wSw.S.w.S||w.S.wS.S.wS.w.wS|S.Sw.Sw.wS.wwS|ww.w.Sw.wSwwS|wS.w.S.w.wSw.w.S|w.S.wS.ww.S.w.wS||w.S.w.S.wSw.w.wS.|S.Sw.S.wwwS.w.S|w.w.wSwwS.w.wS|Sw.wS.w.wS.wwS|w.wwS.w.wSw.wS|Sw.wSw.wwS.wS||w.S.wS.w.wwS.wS|S.w.w.S.wwS.wwS|w.w.wS.S.wwSw.S|S.w.wS.Sw.w.S.wS|w.w.wS.w.wS.w.wS|S.w.wS.w.S.Sw.w.S||wS.wS.w.wwS.wS|S.wwS.w.S.wwwS|w.wwS.w.S.w.S.wS|w.w.wS.w.wSw.wS|w.wwS.w.S.Sw.w.S|
Italian_Petrarca	-0.3612237423532271	S.wwSw.Sw.Sw.S|w.w.wSwS.wSw.S|w.w.w.Sw.wwS.wS|wSw.SwS.w.S.w.S|w.Sw.Sw.w.Sw.wS|w.w.Sw.wSw.S.wS|ww.S.w.w.SwSwS|Sw.wS.wS.wS.wS|w.w.SS.w.Sw.Sw.S|Sww.S.w.SSw.wS|w.S.wSw.Sw.w.wS|w.w.S.wwS.wSw.S|w.wSw.wSw.wwS|w.Sw.Sw.Sw.Sw.S|w.Sww.wSw.S.wS|w.wSw.w.S.w.SwS|wwwSwS.Sw.wS|wS.w.Sw.Sw.SwS|Sw.w.w.wSw.S.wS|w.S.Sw.w.Sw.w.wS|Sw.Sw.wS.w.S.wS|Sw.wS.wSSw.wS|wS.wSw.w.wSwS|w.Sw.Sw.w.wS.w.S|w.wSw.wSw.Sw.S|wSw.Sw.wwSw.S|wSwwwSw.w.w.S|w.SSw.wSw.w.SS|Sw.Sw.w.S.w.wwS|w.w.wS.w.w.wSw.S|wS.w.Sw.S.w.w.wS|w.S.wSw.Sw.w.wS|Sw.w.w.wS.w.w.wS|Sw.Sw.wS.wS.wS|wS.Sw.wSSw.w.S|w.wSw.wS.wwwS|wSwS.w.Sw.wwS|w.wSw.w.S.w.SwS|w.w.Sww.w.SSw.S|wS.w.wS.w.w.S.wS|wS.w.w.wSw.Sw.S|w.S.wSw.w.wS.w.S|S.wwSw.wwSw.S|wS.w.w.wSw.wwS|w.wS.Sw.wSw.wS|w.wwSw.w.Sw.w.S|wSw.SwwS.w.S|wS.wSw.w.wSw.S|Sw.wSw.w.w.Sw.S|w.w.Sw.w.S.Sw.w.S|w.S.wSw.Sw.w.w.S|w.wS.S.ww.wSw.S|wwSwwS.Sw.w.S|w.S.w.Sw.Sw.S.w.S|S.w.wSw.Sw.w.wS|Sw.w.Sw.Sw.Sw.S|Sw.Sw.wSw.wS.S|w.Sw.w.w.S.w.SwS|wwSw.wwSwS.w.S|w.S.w.Sw.SwSw.S|Sw.Sw.wS.w.Sw.S|wSw.SwSw.w.wS|w.Sw.Sw.S.w.SwS|w.SwSw.Sw.w.w.S|wS.wSw.wwSwS|w.Sw.Sw.w.Sw.w.S|w.Sw.wwSw.wS.S|w.w.w.SwSw.w.wS|w.wS.w.S.Sw.Sw.S|Sw.wS.wwwSw.S|w.wSw.w.Sw.w.wS|w.wwS.wS.w.Sw.S|w.w.Sw.wS.wSw.S|Sw.wSw.Sw.Sw.S|w.Sw.wwSw.S.wS|w.w.wSw.Sw.S.wS|w.w.Sw.wSw.Sw.S|wS.w.w.wSw.S.wS|w.S.w.S.w.Sw.S.wS|w.w.wSw.wwS.w.S|w.S.w.Sw.Sw.w.wS|S.w.wS.w.SSw.w.S|wSw.Sw.w.w.SwS|wSwSw.S.w.S.wS|w.Sw.Sw.wwSw.S|Sw.w.Sw.Sw.wS.wS|wS.w.Sw.S.Sw.wS|Sw.wSw.Sw.w.wS|w.S.w.SSw.wSw.S|w.S.w.S.wSwSw.S|w.w.Sw.wSww.wS|w.w.S.wwSw.Sw.S|w.wSw.w.Sw.S.w.S|Sww.Sw.S.wwwS|Sw.w.Sw.S.wSwS|Sw.wSwS.w.Sw.S|Sw.w.Sw.S.wS.wS|w.wS.w.wSww.wS|w.S.wSSw.w.Sw.S|Sw.w.w.wSw.Sw.S|w.Sw.w.wS.w.S.w.S|Sw.w.Sw.wwSw.S|Sww.Sw.wwS.w.S|Sw.wS.SwwS.wS|Sw.wSw.w.wS.w.S|Sw.w.wwS.Sw.wS|w.w.Sww.SSw.w.S|wSw.w.w.SSw.wS|w.S.wSw.w.w.SwS|w.wSw.w.w.w.S.w.S|w.S.w.SwS.Sw.wS|wS.wSw.w.wS.wS|Sw.wSw.w.wSw.S|w.wwS.w.Sw.w.wS|Sw.wS.w.wwSw.S|w.Sw.Sw.w.wS.wS|w.w.S.S.w.Sw.S.w.S|w.Sw.Sw.w.wSwS|w.Sw.Sw.w.S.w.wS|Sww.S.w.S.wSwS|Sw.w.Sw.Sww.w.S|wS.wS.S.w.w.Sw.S|w.S.wSw.w.SSw.S|S.wS.wSw.Sw.wS|w.Sw.Sw.w.wSw.S|wwSw.w.S.S.w.w.S|wwS.wwS.wS.wS|Sw.wSw.w.Sw.wS|wS.w.Sw.w.Sw.wS|Sw.w.Sw.w.wSw.S|
English_Shakespeare	-0.019930820123925438	w.Sw.Sw.S.wS.wS|w.Sw.Sw.S.w.Sw.S|S.w.w.Sw.S.w.S.wS|w.Sw.S.w.S.w.SwS|w.S.wSw.w.S.S.w.S|S.w.w.S.w.SwSw.S|Sw.w.Sw.S.wSw.S|w.S.w.S.w.S.w.S.w.S|S.w.w.S.w.S.w.SwS|w.Sw.Sw.S.w.Sw.S|wS.S.w.S.Sw.S.wS|w.Sw.S.w.S.w.SwS|Sw.w.S.w.S.w.Sw.S|w.S.w.w.S.w.w.S.w.S|w.Sw.Sw.S.wS.w.S|w.S.w.Sw.S.w.Sw.S|w.S.w.SwS.w.S.w.S|w.S.w.Sw.S.w.S.w.S|S.w.S.w.S.w.w.Sw.S|S.w.w.Sw.S.w.Sw.S|w.S.wS.w.S.w.Sw.S|S.w.wSw.S.w.Sw.S|w.S.w.S.wS.w.Sw.S|w.S.w.Sw.S.w.S.w.S|w.S.w.S.w.S.w.S.wS|Sw.w.Sw.S.wSw.S|w.S.w.S.w.S.w.S.w.S|w.S.w.S.S.w.w.S.w.S|S.w.w.S.w.S.w.S.w.S|S.w.w.S.w.S.w.S.wS|w.S.wS.w.S.w.S.wS|w.S.wS.w.S.wS.w.S|w.S.w.S.w.S.w.wS.S|wS.w.wS.w.w.SwS|w.S.w.S.w.S.w.S.w.S|w.S.wS.w.S.wSwS|w.S.w.Sw.S.w.S.w.S|w.S.w.Sw.Sw.S.w.S|w.S.w.Sw.S.w.S.w.S|wS.w.Sw.S.w.Sw.S|w.S.w.S.wSw.S.w.S|w.Sw.S.w.Sw.S.w.S|wSw.SwS.w.S.w.S|wS.w.S.w.Sw.SwS|wS.wS.w.Sw.S.w.S|wS.w.S.w.S.w.S.w.S|w.Sw.Sw.S.w.S.wS|w.Sw.Sw.Sw.S.w.S|Sww.SwS.w.S.w.S|w.S.w.S.w.S.w.S.w.S|w.S.w.S.w.S.w.S.wS|S.w.w.S.w.S.w.S.wS|w.S.w.Sw.S.S.w.w.S|S.wSww.Sw.S.w.S|S.wS.Sw.S.w.S.w.S|S.w.S.S.w.Sw.S.w.S|w.Sw.S.w.Sw.S.w.S|w.S.w.Sw.S.w.Sw.S|w.S.wS.w.Sw.S.wS|w.SwSw.S.w.Sw.S|w.Sw.Sw.S.wS.w.S|w.S.w.S.w.Sw.S.w.S|Sw.wS.w.Sw.Sw.S|w.S.w.Sw.SwSw.S|w.Sw.Sw.S.w.S.w.S|Sw.wS.w.Sw.S.wS|w.S.w.S.wSw.S.w.S|S.w.w.S.w.Sw.w.S.S|S.w.w.Sw.Sw.S.wS|w.S.w.Sw.w.S.w.wS|w.S.w.Sw.Sw.S.w.S|w.Sw.Sw.S.w.S.wS|w.S.w.S.wSw.SwS|w.Sw.S.w.S.w.Sw.S|w.S.w.S.w.S.wSw.S|S.w.w.Sw.S.w.S.w.S|w.S.w.S.w.Sw.S.w.S|w.S.w.S.w.S.wSw.S|w.S.w.S.w.S.w.S.wS|Sw.w.Sw.S.wSwS|w.S.wS.w.S.w.S.w.S|w.w.S.Sw.S.w.S.w.S|S.w.w.Sw.S.w.Sw.S|w.S.w.Sw.S.w.Sw.S|w.Sw.S.w.SwSw.S|S.w.w.S.w.Sw.SwS|w.Sw.S.S.wS.Sw.S|wSw.w.S.S.w.Sw.S|w.Sw.S.wS.w.Sw.S|wSw.S.w.Sw.SwS|w.S.w.Sw.S.w.Sw.S|w.Sw.S.w.Sw.S.w.S|w.S.w.Sw.S.wSw.S|w.S.w.S.w.S.wSw.S|w.S.wS.wSw.S.w.S|wS.w.S.wS.w.S.w.S|Sw.w.S.w.S.w.Sw.S|S.w.S.w.S.S.wS.w.S|w.S.w.S.w.S.wS.w.S|w.S.wS.w.Sw.S.wS|S.w.S.wS.S.wSw.S|w.Sw.Sw.S.wS.w.S|w.S.w.Sw.S.w.S.wS|w.SwS.w.S.w.S.w.S|S.w.w.S.w.Sw.S.wS|S.w.w.S.w.Sw.SwS|wSw.S.w.S.w.Sw.S|w.S.w.S.w.Sw.S.w.S|w.Sw.S.w.Sw.Sw.S|S.w.w.S.w.Sw.S.w.S|w.S.w.S.w.S.w.Sw.S|w.S.wS.w.S.w.Sw.S|S.w.w.SwS.w.S.w.S|w.S.w.S.w.S.w.Sw.S|w.S.w.S.w.Sw.S.w.S|w.S.w.S.w.S.w.S.wS|w.Sw.Sw.Sw.S.w.S|w.Sw.S.w.Sw.S.w.S|S.w.w.Sw.S.w.S.w.S|S.w.w.S.w.S.w.S.wS.|w.Sw.S.w.S.w.S.w.S|w.S.wS.w.Sw.S.wS.|w.S.Sw.Sw.S.w.Sw.|S.w.wS.w.Sw.S.wS|w.S.w.S.w.S.w.S.w.S|S.w.w.S.w.S.wSwS|S.w.w.S.w.S.wS.w.S|w.S.w.w.S.w.w.SwS|w.S.w.S.wS.w.Sw.S|w.S.w.S.w.S.w.S.wS|Sw.w.Sw.S.w.SwS|S.w.wS.w.S.w.S.wS|w.S.w.S.w.S.w.S.w.S|w.S.w.Sw.Sw.S.w.S|S.w.w.Sw.S.Sw.w.S|w.S.wS.w.S.wSw.S|S.w.wS.w.S.w.S.w.S|w.Sw.S.w.S.w.S.w.S|
ItalianNapolitan_Tansillo	-0.22528107648377252	w.w.w.Sw.w.w.Sw.S|wS.wSw.wwS.wS|w.Sw.w.wwS.wwS.w.S|Sw.w.wwSw.Sw.S|wSw.S.w.Sw.S.w.S|w.Sw.S.w.Sw.Sw.S|S.wSw.wS.w.S.w.S|S.wSw.wS.Sw.wS|Sw.w.Sw.Sw.S.wS|w.SwSw.w.w.Sw.S|S.wSw.wS.Sw.wS|w.Sw.Sw.Sw.Sw.S|w.w.Sw.w.S.w.Sw.S|w.w.Sw.wS.w.S.wS|wS.wSw.Sw.Sw.S|w.Sw.wwSw.S.wS|w.Sw.Sw.wwSw.S|w.w.Sw.w.Sw.S.wS|w.S.wS.w.Sw.S.w.S|w.S.w.Sw.w.wSwS|S.w.wSw.S.wSw.S|wS.wSw.S.wS.w.S|w.Sw.w.wS.Sw.wS|w.SwSw.S.w.S.wS|Sw.wSw.Sw.S.wS|wS.w.w.w.Sw.wS.S|S.wwS.w.Sw.S.w.S|w.Sw.Sw.S.w.w.wS|S.w.wSw.Sw.S.wS|Sw.w.Sw.SwS.w.S|S.w.wSw.Sw.Sw.S|w.wS.Sw.Sw.S.wS|S.w.wS.w.Sww.w.S|w.w.wSSw.w.w.wS||w.w.Sw.wSw.wS.S|w.Sw.w.w.S.w.Sw.S|Sw.w.Sw.wwSw.S|w.Sw.Sw.w.SwwS|w.wS.wS.S.Sw.wS|wS.w.Sw.S.Sw.wS|w.S.wSw.Sw.w.wS|w.w.Sw.wS.wSwS|w.wwS.w.w.w.Sw.S|w.SwSw.w.wSw.S|w.wS.wwSw.w.wS|w.w.Sw.wS.Sw.wS|w.S.w.w.w.SwSw.S|wSw.w.w.Sw.wS.S|wS.w.wwS.w.wS.S|w.Sw.Sw.Sw.w.wS|w.w.wS.wSw.Sw.S|Sw.wS.w.SwS.wS|w.w.S.wwS.wSw.S|w.ww.Sw.S.ww.w.S|wS.w.Sw.Sw.Sw.S|wS.w.Sw.Sw.S.w.S|Sw.w.S.w.Sw.S.wS|w.S.w.w.wSw.S.wS|Sw.Sw.w.Sw.Sw.S|Sw.w.Sw.wwSw.S|w.w.wS.Sw.w.S.w.S|wwSw.w.S.S.wS.S|Sw.wS.w.w.w.S.w.S|Sw.w.Sw.Sw.Sw.S|w.Sw.S.w.S.w.w.w.S|w.Sw.S.ww.w.S.w.S|Sw.Sw.w.S.w.S.w.S|S.wSw.wSw.w.w.S|wS.w.S.wS.w.SwS|Sw.wS.Sw.w.Sw.S|wS.Sw.w.Sw.Sw.S|w.w.wSw.w.wSwS|w.Sw.wwS.wS.w.S|w.wSwS.wSw.wS|w.w.w.Sw.Sw.Sw.S|w.w.wSwS.w.Sw.S|w.w.wS.w.w.Sw.w.S|wS.w.Sw.Sw.Sw.S|w.w.Sw.wS.Sw.wS|w.SSw.wS.wSw.S|w.Sw.S.Sw.wSw.S|wwSw.w.Sw.S.w.S|w.S.wS.w.SwSw.S|w.wSw.wS.Sw.w.S|w.w.Sw.w.Sw.Sw.S|SSw.Sw.Sw.Sw.S|wSw.w.wSw.wwS|wSwwwS.SwwS|w.wS.SwSw.wwS|Sw.wS.w.w.wS.wS|w.w.w.S.w.w.wSw.S|Sw.w.w.wSw.wwS|w.S.w.Sw.S.wSwS|Sw.Sw.w.S.w.Sw.S|w.w.wSw.w.Sw.wS|Sw.Sw.wS.wS.w.S|Sw.Sw.w.Sw.Sw.S|wS.w.Sw.w.w.Sw.S|w.w.wSw.w.wSw.S|Sw.wS.Sw.w.Sw.S|Sw.w.S.w.Sw.w.wS|w.w.w.w.wS.Sw.wS|wS.w.Sw.w.w.Sw.S|wS.wS.w.S.wS.w.S|wS.w.Sw.Sw.w.wS|w.wS.Sw.w.w.w.w.S|S.wwS.w.S.w.Sw.S|w.w.w.S.wS.w.S.w.S|w.w.w.Sw.Sw.S.w.S|Sw.wS.w.Sw.S.wS|Sw.w.Sw.Sw.Sw.S|w.Sww.wSw.w.wS|Sw.w.Sw.Sw.Sw.S|w.w.w.Sw.Sw.S.w.S|Sw.w.Sw.S.S.wwS|w.w.Sw.w.Sw.Sw.S|wS.wS.w.SwS.wS|wS.w.SwS.w.Sw.S|w.Sw.w.w.S.Sw.w.S|w.w.Sw.wS.w.w.w.S|Sw.w.Sw.S.w.w.w.S|Sw.wS.w.Sw.Sw.S|Sw.wS.w.w.Sw.w.wS|S.w.wSw.SwS.w.S|w.S.w.w.Sww.wS|w.w.Sw.wS.wSw.S|w.w.w.Sw.SS.wwS|Sw.w.w.wSw.S.w.S|w.w.Sw.wS.w.Sw.S|S.wSw.wSw.SS.S|
Napolitan_Velardiniello	-0.3514371080357773	w.SwSw.Sw.Sw.S|Sw.w.Sw.SwS.wS|wS.w.Sw.S.wSwS|w.Sw.S.wS.w.wwS|Sw.w.S.wSw.S.wS|Sww.Sw.Sw.wwS|w.S.Sw.wS.w.SwS|w.wSw.wSw.S.wS|Sw.w.Sw.w.Sw.wS|w.Sw.Sw.Sww.wS|wSw.Sw.Sw.SwS|S.Sw.Sw.w.wS.w.S|S.w.w.S.w.Sww.wS|w.wSww.S.w.wwS|w.Sw.Sw.Sw.w.wS|S.w.Sw.w.S.Sw.wS|w.S.wSw.Sw.S.wS|wS.w.Sw.Sw.SwS|wSw.w.w.Sw.w.wS|S.wwSw.w.Sw.w.S|w.SwwwSw.w.wS|wSw.wSww.w.w.S|wSw.Sw.Sw.Sw.S|w.wwSw.S.w.SwS|Sw.w.Sw.S.Sw.wS|w.wSw.S.Sw.w.wS|w.Sw.Sw.Sww.w.S|w.Sw.wwSw.S.wS|wSw.Sw.Sw.w.wS|w.S.wSw.Sww.wS|w.Sw.Sw.SSw.wS|w.w.Sw.wSw.SwS|Sw.w.Sw.SwwwS|w.SwwwSw.Sw.S|w.Sw.Sw.wSw.wS|w.wSw.wSw.w.wS|w.Sw.S.w.SSw.wS|Sw.wSw.w.Sw.w.S|Sw.w.Sw.w.wS.w.S|Sw.w.Sw.S.S.w.w.S|Sw.w.S.wSw.S.wS|w.Sw.S.wSw.wwS|w.wwSw.Sw.wwS|w.Sw.Sw.Sww.w.S|w.w.wSw.w.Sw.wS|w.Sww.S.Sw.S.wS|w.SwwwSwSw.S|w.Sw.Sw.w.w.SwS|Sw.w.w.wSw.w.wS|wSw.Sw.Sw.Sw.S|w.Sw.Sw.Sw.wwS|w.w.wSw.S.w.wwS|w.Sw.Sw.Sw.wwS|wS.w.Sw.w.S.wwS|Sw.S.S.w.Sw.S.w.S|Sw.w.Sw.S.Sw.w.S|w.Sw.S.wSw.wwS|w.Sww.wSw.S.wS|w.Sw.S.wSw.Sw.S|w.wSwwSw.SwS|w.S.wSw.Sw.Sw.S|Sw.w.Sw.Sw.SwS|w.Sw.Sw.Sw.SwS|Sw.w.Sw.Sw.Sw.S|Sw.Sw.w.Sww.wS|w.Sw.w.wSww.wS|Sw.Sw.w.Sww.wS|S.wSw.w.Sw.w.wS|w.Sww.w.Sw.w.wS|w.Sw.Sw.w.wSwS|S.w.wSw.w.w.wwS|wSww.w.Sw.w.wS|S.w.w.Sw.S.wSw.S|Sw.w.Sw.Sw.S.wS|Sw.w.Sw.w.w.SwS|w.Sw.Sw.S.Sw.w.S|wSw.Sw.Sw.w.w.S|wSw.Sw.Sw.Sw.S|w.Sw.SwSw.S.w.S|w.Sw.S.wSw.S.wS|w.Sw.S.wSw.S.wS|S.Sw.Sw.Sw.S.wS|w.Sw.Sw.w.w.SwS|w.w.w.wwSw.w.w.S|w.Sw.wwSw.S.wS|w.Sww.S.Sw.w.w.S|w.SSw.wSw.w.w.S|w.Sw.S.wSw.w.w.S|w.SwSSw.wSw.S|S.wSw.wS.w.wwS|wSw.w.S.Sw.S.wS|Sww.wwSw.w.w.S|wSw.Sw.Sw.S.w.S|w.S.wSw.Sw.S.w.S|w.Sw.Sw.Sw.wwS|wS.w.wwSw.wwS|w.Sw.w.wS.Sw.w.S|S.w.w.Sw.Sw.w.wS|wSw.Sw.S.Sw.wS|w.Sw.S.wSw.w.wS|S.wwSw.SwSw.S|S.w.wSwSw.w.wS|w.SwS.w.SwwwS|S.w.wSw.w.w.wwS||S.Sw.w.wSw.SwS|SwSw.w.Sw.w.wS|w.Sw.SwS.w.wwS|S.wwSw.w.Sw.wS|S.w.Sw.w.Sw.w.wS|w.Sw.Sw.S.w.SwS|w.Sw.Sw.w.wSw.S|w.w.wSwS.w.wwS|wSww.w.Sw.Sw.S|w.Sww.wSw.w.wS|w.wwSwSw.w.wS|w.S.w.Sw.w.w.wwS|w.wwS.wSww.S.S|w.w.wSwSw.w.wS|w.wSw.wSw.Sw.S|Sw.wSw.Sw.Sw.S|w.Sww.wSw.Sw.S|w.w.wSw.Sw.w.wS.|w.Sw.w.wSw.Sw.S|Sw.w.Sw.S.w.S.wS|w.wwSw.w.wSw.S|w.Sw.w.wSw.Sw.S|w.S.w.Sw.S.w.S.w.S|S.w.w.Sw.w.SS.w.S|Sw.S.w.wSw.w.wS|Sww.S.wSw.wwS|Sw.wSw.Sw.w.wS|S.w.wSw.SwS.w.S|w.Sw.w.wSw.Sw.S|wSw.S.w.Sw.S.wS|S.w.S.Sw.S.w.S.w.S|w.Sw.w.w.S.w.wwS|
Occitan_Ventadorn	-0.2112989667097711	w.S.w.S.Sw.S.w.w.S|w.w.w.S.w.wS.w.wS|w.Sw.S.w.S.w.S.wS|Sw.w.S.w.S.w.S.w.S|w.w.w.S.w.w.Sw.wS|wS.w.S.wS.w.S.wS|S.w.w.S.wS.w.wwS|S.w.wS.S.w.S.w.wS|w.S.wS.w.S.wS.w.S|S.w.S.S.w.wS.w.w.S|wS.wS.w.SwwwS|w.S.wS.w.S.S.w.wS|w.S.w.S.S.w.S.wwS|Sw.wS.w.S.S.wwS|w.w.wS.w.w.S.wwS|w.S.w.S.wwwS.wS|w.S.w.S.wS.wS.w.S|Sw.w.S.S.wS.w.wS|S.w.wS.S.Sw.S.wS|w.S.wS.w.wS.wwS|wS.wS.w.w.wS.wS|S.w.wS.S.w.S.w.wS|w.wS.S.w.S.w.w.wS|w.S.w.S.w.S.w.S.wS|w.w.w.S.w.w.S.w.wS|w.S.w.S.S.w.S.w.wS|S.w.wS.w.S.w.w.wS|wS.wS.w.S.w.w.w.S|w.wS.S.wS.w.S.wS|w.S.w.S.w.S.w.S.w.S|w.S.w.S.w.S.wS.w.S|w.S.w.S.wS.wS.wS|S.w.S.S.S.w.w.SwS|w.w.wS.w.S.w.S.wS|w.S.w.S.w.wS.wwS|w.w.Sw.S.Sw.w.wS|w.Sw.w.wS.wS.w.S|w.S.w.S.wS.S.w.wS|S.w.w.S.w.S.w.S.w.S|w.w.wS.w.S.w.w.wS|w.w.w.S.w.w.w.S.wS|S.w.wS.Sw.w.w.wS|Sw.w.S.wS.w.S.w.S|w.w.wS.S.wS.w.wS|w.wS.S.wS.w.S.wS|Sw.w.S.w.wwS.w.S|S.w.w.S.w.S.w.w.wS|w.w.S.S.w.w.S.wwS|w.w.w.S.w.w.Sw.wS|w.wwS.S.w.w.wwS|w.S.w.S.w.S.w.w.wS|w.S.wS.w.S.w.w.w.S|wS.wS.w.S.w.S.wS|w.S.w.S.w.w.S.w.wS|w.S.wS.w.wS.wwS|S.w.wS.S.w.Sw.w.S|w.w.w.S.w.w.S.w.w.S|wS.wS.w.w.wSw.S|w.w.w.S.wS.wS.w.S|S.w.wS.w.wS.w.wS|w.w.w.S.w.wSw.w.S|wS.w.S.w.wS.w.wS|w.w.S.S.S.w.w.S.w.S|wwS.S.w.S.wS.w.S|S.w.wS.S.w.w.S.w.S|w.S.w.S.w.Sw.S.w.S|w.S.w.S.w.S.wS.w.S|wS.w.S.wS.w.wwS|w.wwS.w.wS.w.w.S|w.wS.S.w.S.w.S.w.S|S.w.S.S.w.S.w.S.w.S|w.S.wS.w.w.S.w.wS|w.S.w.S.w.S.w.w.w.S|w.Sw.S.w.S.S.w.wS|w.w.w.S.w.S.w.S.w.S|w.S.wS.w.wS.w.w.S|w.ww.S.w.wS.w.wS|w.wwS.w.w.S.w.w.S|S.w.w.S.wwS.w.wS|w.w.Sw.wS.w.w.wS|w.wSw.wS.w.w.wS|w.Sw.S.w.S.w.S.wS|w.w.Sw.S.wS.wwS|w.S.w.S.w.S.w.w.wS|w.w.wS.w.w.S.wS|wS.w.S.w.S.w.S.w.S|wwS.w.wS.S.w.wS|w.S.w.S.w.S.w.w.wS|w.wSw.wS.S.w.wS|w.w.w.S.S.w.w.S.wS|w.S.wS.wSw.w.wS|S.w.w.S.w.w.S.w.w.S|S.w.w.S.w.w.S.w.wS|w.S.wS.w.wSw.w.S|w.wwS.w.wS.w.wS|w.S.wS.w.S.w.S.wS|w.S.w.S.w.w.w.wwS|w.S.wS.w.wS.w.w.S|w.S.wS.w.w.S.w.wS|S.w.wS.w.w.S.w.wS|w.S.wS.w.S.wS.w.S|S.w.w.S.w.w.wS.w.S|w.w.wS.S.w.wwwS|S.w.wS.w.Sw.w.wS|w.S.w.S.wSw.w.wS|w.S.wS.S.w.wS.w.S|w.ww.S.w.w.Sw.wS|wS.w.S.wS.S.w.w.S|w.S.w.S.w.S.w.S.wS|wS.w.S.w.wS.w.wS|w.w.w.S.w.wS.wwS|w.w.wS.w.w.w.S.w.S|w.w.w.S.wS.w.S.wS|w.w.S.w.S.w.wS.w.S|S.w.w.S.wS.w.S.w.S|S.w.S.w.w.S.S.w.wS|w.S.w.S.w.S.w.S.w.S|w.Sw.S.w.w.w.S.w.S|w.w.S.wwS.wwS|wS.w.S.w.w.Sw.wS|w.S.w.S.w.S.w.w.wS|w.w.wS.w.S.S.w.wS|w.S.w.S.w.S.w.S.wS|w.w.w.S.wS.wS.wS|w.S.w.S.wS.w.wwS|w.S.w.S.S.w.S.wwS|wSw.w.S.S.w.S.w.S|S.w.w.S.w.wS.w.wS|S.w.w.S.w.S.wwS|w.S.w.S.w.S.wS.w.S|S.w.w.S.S.w.wwwS|w.Sw.S.w.S.wS.wS|wwS.S.w.S.w.S.w.S|w.wwS.w.w.S.w.wS|S.w.w.S.w.w.S.S.wS|w.S.w.S.w.w.S.wwS|w.w.wS.w.S.wS.w.S|S.w.w.S.w.Sw.wwS|w.w.wS.w.w.S.wwS|
Dutch_Vondel	-0.07793631423903928	S.w.w.S.S.w.w.Sw.S|wS.w.S.w.S.w.S.wS|w.S.w.S.w.S.w.Sw.S|w.S.wS.w.S.w.Sw.S|w.S.w.Sw.Sw.S.wS|w.S.w.S.wSw.S.wS|w.Sw.S.w.SwSw.S|w.Sw.S.w.S.w.Sw.S|w.S.wS.w.Sw.S.w.S|wSw.S.w.S.w.S.wS|w.Sw.S.w.S.w.Sw.S|w.Sw.S.w.Sw.SwS|w.S.w.S.w.SwS.wS|wS.w.S.w.Sw.S.wS|w.Sw.S.w.Sw.S.wS|w.S.w.S.w.S.w.Sw.S|wS.w.S.w.S.w.SwS|w.Sw.S.w.SwS.w.S|w.S.w.S.w.Sw.S.w.S|w.Sw.S.wSw.S.wS|w.S.wS.w.Sw.S.w.S|w.Sw.S.w.S.w.SwS|w.Sw.S.w.SwSwS|w.Sw.S.w.Sw.SwS|w.S.w.S.w.Sw.Sw.S|w.S.w.S.w.Sw.S.w.S|w.S.w.S.w.SwSw.S|w.Sw.S.w.Sw.S.w.S|wSww.Sw.w.Sw.S|w.Sw.S.w.Sw.S.wS|S.wSw.w.S.w.Sw.S|wSw.S.wS.w.Sw.S|w.Sww.w.Sww.wS|w.Sw.S.wSw.S.w.S|wS.w.S.w.Sw.S.wS|w.S.w.S.wSww.w.S|w.S.w.S.w.Sw.S.wS|w.Sw.S.wSw.S.w.S|w.Sw.S.w.Sw.S.w.S|w.S.wS.w.S.w.S.w.S|w.S.w.S.wSw.Sw.S|w.Sw.Sw.S.w.Sw.S|w.Sww.w.Sw.S.w.S|w.SwS.w.S.w.S.wS|w.S.w.S.w.Sw.S.wS|wS.Sw.wS.w.S.w.S|w.Sw.S.wS.w.Sw.S|w.S.w.S.w.Sw.S.wS|w.Sw.S.w.S.wSw.S|S.wSw.wSw.Sw.S|S.w.w.S.w.Sw.Sw.S|wS.w.S.w.Sw.Sw.S|w.S.wSw.S.w.S.w.S|S.w.wS.w.Sw.Sw.S|w.Sww.w.S.w.S.wS|w.Sw.w.w.S.w.S.wS|w.S.w.S.w.S.w.Sw.S|w.SwS.w.Sw.S.w.S|w.Sw.S.w.Sw.Sw.S|w.Sw.S.w.SwS.wS|w.S.w.S.w.Swww.S|w.S.w.S.w.Sw.S.w.S|wS.w.S.w.Sw.S.w.S|w.S.w.S.w.Sw.Sw.S|w.S.w.S.w.S.w.S.wS|w.S.wS.w.S.w.SwS|w.S.wS.w.S.w.S.wS|w.S.w.S.wSw.S.w.S|w.S.w.S.w.SwS.wS|S.w.w.S.w.Sw.Sw.S|w.Sw.S.w.S.w.S.wS|w.S.wS.w.S.w.Sw.S|w.Sw.S.w.Sw.S.wS|w.S.wS.wSw.Sw.S|w.S.w.S.wSw.S.wS|w.S.w.S.w.Sw.S.wS|w.Sw.S.w.Sw.Sw.S|wSw.S.w.S.w.S.w.S|w.S.wS.w.S.w.Sw.S|w.SwS.w.S.w.SwS|w.Sw.SwSwS.wS|w.S.wS.wS.w.Sw.S|w.S.w.S.w.Sw.SwS|wS.w.Sw.SwSw.S|w.Sw.S.w.S.wS.w.S|w.Sw.w.S.wwS.wS|w.Sw.S.wSw.S.w.S|w.S.w.S.w.S.w.Sw.S|w.S.w.S.w.SwS.wS|w.S.w.S.w.S.w.S.w.S|w.S.w.S.w.SwSw.S|w.Sw.S.w.S.w.S.wS|w.S.w.Sw.S.w.S.w.S|w.S.wS.w.S.w.S.wS|w.S.wS.w.Sw.S.wS|w.Sw.S.w.Sw.SwS|w.Sw.S.w.Sw.S.w.S|w.Sw.S.w.S.wSw.S|w.S.wSw.S.w.S.w.S|w.Sw.S.w.Sw.S.w.S|w.S.wSw.S.w.S.w.S|wSw.S.w.S.w.Sw.S|w.Sw.S.wSw.S.w.S|w.S.w.S.w.Sw.Sw.S|w.S.w.S.w.wwS.wS|w.Sw.S.w.S.w.Sw.S|wSwS.w.Sw.S.wS|S.w.w.S.w.SwS.wS|Sw.w.SwS.Sw.wS|w.Sw.S.wS.w.S.w.S|w.Sw.S.w.S.w.Sw.S|w.S.wS.w.Sw.S.w.S|w.S.w.S.w.SwSw.S|SwS.w.S.wS.w.S|w.S.wS.wS.wS.w.S|w.S.wS.w.Sw.SwS|wS.w.S.w.Sw.Sw.S|wS.w.S.w.S.wS.wS|wSwS.w.Sw.Sw.S|w.S.w.S.w.SwSw.S|w.Sw.S.w.Sw.S.wS|w.Sw.S.w.S.w.S.wS|wSw.S.w.S.w.Sw.S|w.Sw.S.w.Sw.S.wS|w.S.w.S.w.Sw.S.wS|wS.w.S.w.S.w.S.w.S|w.S.w.S.w.SwSwS|w.Sw.S.w.S.w.S.w.S|w.Sw.S.w.Sw.SwS|w.Sw.S.wSw.S.wS|
